video_id,product_name
vmCnKGQ,Xfaiyx Smart Recorder
vUt-uCX,Xfaiyx Smart Translator
v3T6mPl,Xfaiyx Smart Recorder
vbesCCb,Xfaiyx Smart Translator
v1hWN0s,Xfaiyx Smart Translator
vTdqmte,Xfaiyx Smart Translator
vQjtjf2,Xfaiyx Smart Translator
viVgLsZ,Xfaiyx Smart Translator
vKlzOiZ,Xfaiyx Smart Translator
vJUEX3u,Xfaiyx Smart Recorder
v4g6avX,Xfaiyx Smart Translator
v9edfKB,Xfaiyx Smart Translator
ve33QLn,Xfaiyx Smart Translator
vpOtjW1,Xfaiyx Smart Translator
vb-WyHa,Xfaiyx Smart Translator
vB3iY9I,Xfaiyx Smart Translator
vr9Mebt,Xfaiyx Smart Translator
v8TdcdK,Xfaiyx Smart Translator
vhTHDT-,Xfaiyx Smart Translator
vWN5LPe,Xfaiyx Smart Translator
vIUVexk,Xfaiyx Smart Translator
vhLcap1,Xfaiyx Smart Translator
vvyoPyo,Xfaiyx Smart Translator
vlNO1SW,Xfaiyx Smart Translator
vC3BRAo,Xfaiyx Smart Translator
vcU7cYQ,Xfaiyx Smart Translator
vJOK_jc,Xfaiyx Smart Recorder
vUG_xbR,Xfaiyx Smart Translator
vUfYwzN,Xfaiyx Smart Translator
vz-3GxD,Xfaiyx Smart Translator
vz0mnPd,Xfaiyx Smart Translator
v129LuD,Xfaiyx Smart Translator
vz0DmiM,Xfaiyx Smart Recorder
vwK0Ro5,Xfaiyx Smart Recorder
vVS_NZR,Xfaiyx Smart Translator
vjEBu9W,Xfaiyx Smart Translator
vRoMHNQ,Xfaiyx Smart Translator
vhIxU0L,Xfaiyx Smart Translator
v4wSOpe,Xfaiyx Smart Translator
vIiTZO1,Xfaiyx Smart Recorder
vc_of-A,Xfaiyx Smart Translator
vKS-ol0,Xfaiyx Smart Translator
vgXp8qe,Xfaiyx Smart Recorder
vwm_9ft,Xfaiyx Smart Translator
vej5bIY,Xfaiyx Smart Translator
v7lX8Ro,Xfaiyx Smart Recorder
vKJ2vqX,Xfaiyx Smart Translator
vgmyU_t,Xfaiyx Smart Translator
vdbLgWS,Xfaiyx Smart Translator
vZNFtEb,Xfaiyx Smart Translator
vzFysYU,Xfaiyx Smart Translator
vdKeRm9,Xfaiyx Smart Translator
vB0lLSM,Xfaiyx Smart Translator
v4Htv2Q,Xfaiyx Smart Translator
vOU2rJb,Xfaiyx Smart Recorder
vr_LT5A,Xfaiyx Smart Recorder
vJAQbN9,Xfaiyx Smart Translator
v3-vK-4,Xfaiyx Smart Translator
vmsHv2Z,Xfaiyx Smart Translator
vdzrIP2,Xfaiyx Smart Translator
vgIkaeR,Xfaiyx Smart Translator
vb-Daa_,Xfaiyx Smart Translator
vlbVrtw,Xfaiyx Smart Translator
vjqfJjv,Xfaiyx Smart Translator
v5cquLT,Xfaiyx Smart Translator
vytrCKr,Xfaiyx Smart Translator
vOqoEVw,Xfaiyx Smart Translator
vtFQ8Km,Xfaiyx Smart Translator
v-ox8Uw,Xfaiyx Smart Translator
vOREHMM,Xfaiyx Smart Translator
vgIr-dG,Xfaiyx Smart Translator
vyTFg05,Xfaiyx Smart Translator
vZBnD1J,Xfaiyx Smart Translator
vbzCZ0h,Xfaiyx Smart Recorder
vTOfPvS,Xfaiyx Smart Recorder
v95aInR,Xfaiyx Smart Translator
v0nP_KB,Xfaiyx Smart Translator
v_Ur2e7,Xfaiyx Smart Translator
vMULQIS,Xfaiyx Smart Translator
vusOhpE,Xfaiyx Smart Recorder
vHahKrc,Xfaiyx Smart Translator
vMSQja0,Xfaiyx Smart Translator
vnK5t9y,Xfaiyx Smart Translator
vyumcj7,Xfaiyx Smart Translator
v2cabia,Xfaiyx Smart Translator
